key,key:user-account
member-01,user-account-versatile-01
# key:user-account - standard variations,,,,
member-02,user-account-fundraiser-01
member-03,user-account-fundraiser-02
member-04,user-account-fundraiser-03
member-05,user-account-fundraiser-04
member-06,user-account-fundraiser-05
member-07,user-account-fundraiser-06
member-08,user-account-fundraiser-07
member-09,user-account-fundraiser-08
member-10,user-account-fundraiser-09
member-11,user-account-fundraiser-10
member-12,user-account-fundraiser-11
member-13,user-account-fundraiser-12
member-14,user-account-fundraiser-13
member-15,user-account-fundraiser-14
member-16,user-account-fundraiser-15
member-17,user-account-fundraiser-16
member-18,user-account-fundraiser-17
member-19,user-account-fundraiser-18
member-20,user-account-fundraiser-19
member-21,user-account-fundraiser-20
member-22,user-account-fundraiser-21
member-23,user-account-fundraiser-22
member-24,user-account-inventor-01
member-25,user-account-inventor-02
member-26,user-account-inventor-03
member-27,user-account-inventor-04
member-28,user-account-inventor-05
member-29,user-account-inventor-06
member-30,user-account-inventor-07
member-31,user-account-inventor-08
member-32,user-account-inventor-09
member-33,user-account-inventor-10
member-34,user-account-inventor-11
member-35,user-account-inventor-12
member-36,user-account-inventor-13
member-37,user-account-inventor-14
member-38,user-account-inventor-15
member-39,user-account-inventor-16
member-40,user-account-inventor-17
member-41,user-account-inventor-18
member-42,user-account-inventor-19
member-43,user-account-inventor-20
member-44,user-account-inventor-21
member-45,user-account-inventor-22
member-46,user-account-spokesperson-00
member-47,user-account-spokesperson-01
member-48,user-account-spokesperson-02
member-49,user-account-spokesperson-03
member-50,user-account-spokesperson-04
member-51,user-account-spokesperson-05
member-52,user-account-spokesperson-06
member-53,user-account-spokesperson-07
member-54,user-account-spokesperson-08
member-55,user-account-spokesperson-09
member-56,user-account-spokesperson-10
member-57,user-account-spokesperson-11
member-58,user-account-spokesperson-12
member-59,user-account-spokesperson-13
member-60,user-account-spokesperson-14
member-61,user-account-spokesperson-15
member-62,user-account-spokesperson-16
member-63,user-account-spokesperson-17
member-64,user-account-spokesperson-18
member-65,user-account-spokesperson-19
member-66,user-account-spokesperson-20
member-67,user-account-spokesperson-21