key,title,description,keyWords,kickOff,closeOut,draftMode
#base entity
project-1,"Lorem ipsum dolor sit amet, consectetu","Lorem ipsum dolor sit amet, consectetur adipiscing elit. Sed do: eiusmod tempor incididunt ut labore et dolore magna aliqua! Ut*","Lorem ipsum dolor sit amet, consectetur adipiscing elit. Sed do: eiusmod tempor incididunt ut labore et dolore magna aliqua! Ut*",2112/12/31 23:59,2113/12/31 23:59,false
#title - standard variations
project-2,L,"Lorem ipsum dolor sit amet, consectetur adipiscing elit. Sed do: eiusmod tempor incididunt ut labore et dolore magna aliqua! Ut*","Lorem ipsum dolor sit amet, consectetur adipiscing elit. Sed do: eiusmod tempor incididunt ut labore et dolore magna aliqua! Ut*",2112/12/31 23:59,2113/12/31 23:59,false
project-3,Lo,"Lorem ipsum dolor sit amet, consectetur adipiscing elit. Sed do: eiusmod tempor incididunt ut labore et dolore magna aliqua! Ut*","Lorem ipsum dolor sit amet, consectetur adipiscing elit. Sed do: eiusmod tempor incididunt ut labore et dolore magna aliqua! Ut*",2112/12/31 23:59,2113/12/31 23:59,false
project-4,"Lorem ipsum dolor sit amet, consectetur adipiscing elit. Sed do: eiusmod t","Lorem ipsum dolor sit amet, consectetur adipiscing elit. Sed do: eiusmod tempor incididunt ut labore et dolore magna aliqua! Ut*","Lorem ipsum dolor sit amet, consectetur adipiscing elit. Sed do: eiusmod tempor incididunt ut labore et dolore magna aliqua! Ut*",2112/12/31 23:59,2113/12/31 23:59,false
project-5,"Lorem ipsum dolor sit amet, consectetur adipiscing elit. Sed do: eiusmod te","Lorem ipsum dolor sit amet, consectetur adipiscing elit. Sed do: eiusmod tempor incididunt ut labore et dolore magna aliqua! Ut*","Lorem ipsum dolor sit amet, consectetur adipiscing elit. Sed do: eiusmod tempor incididunt ut labore et dolore magna aliqua! Ut*",2112/12/31 23:59,2113/12/31 23:59,true
project-6,โลเร็ม อิปซัม,"Lorem ipsum dolor sit amet, consectetur adipiscing elit. Sed do: eiusmod tempor incididunt ut labore et dolore magna aliqua! Ut*","Lorem ipsum dolor sit amet, consectetur adipiscing elit. Sed do: eiusmod tempor incididunt ut labore et dolore magna aliqua! Ut*",2112/12/31 23:59,2113/12/31 23:59,true
project-7,لوريم إيبسوم,"Lorem ipsum dolor sit amet, consectetur adipiscing elit. Sed do: eiusmod tempor incididunt ut labore et dolore magna aliqua! Ut*","Lorem ipsum dolor sit amet, consectetur adipiscing elit. Sed do: eiusmod tempor incididunt ut labore et dolore magna aliqua! Ut*",2112/12/31 23:59,2113/12/31 23:59,true
project-8,洛伦·伊普森,"Lorem ipsum dolor sit amet, consectetur adipiscing elit. Sed do: eiusmod tempor incididunt ut labore et dolore magna aliqua! Ut*","Lorem ipsum dolor sit amet, consectetur adipiscing elit. Sed do: eiusmod tempor incididunt ut labore et dolore magna aliqua! Ut*",2112/12/31 23:59,2113/12/31 23:59,true
project-9,<marquee>Hacked</marquee>,"Lorem ipsum dolor sit amet, consectetur adipiscing elit. Sed do: eiusmod tempor incididunt ut labore et dolore magna aliqua! Ut*","Lorem ipsum dolor sit amet, consectetur adipiscing elit. Sed do: eiusmod tempor incididunt ut labore et dolore magna aliqua! Ut*",2112/12/31 23:59,2113/12/31 23:59,true
project-10,<script>alert(‘Hacked!’);</script>,"Lorem ipsum dolor sit amet, consectetur adipiscing elit. Sed do: eiusmod tempor incididunt ut labore et dolore magna aliqua! Ut*","Lorem ipsum dolor sit amet, consectetur adipiscing elit. Sed do: eiusmod tempor incididunt ut labore et dolore magna aliqua! Ut*",2112/12/31 23:59,2113/12/31 23:59,true
project-11,' or 'A' = 'A,"Lorem ipsum dolor sit amet, consectetur adipiscing elit. Sed do: eiusmod tempor incididunt ut labore et dolore magna aliqua! Ut*","Lorem ipsum dolor sit amet, consectetur adipiscing elit. Sed do: eiusmod tempor incididunt ut labore et dolore magna aliqua! Ut*",2112/12/31 23:59,2113/12/31 23:59,true
#description - standard variations
project-12,"Lorem ipsum dolor sit amet, consectetu",L,"Lorem ipsum dolor sit amet, consectetur adipiscing elit. Sed do: eiusmod tempor incididunt ut labore et dolore magna aliqua! Ut*",2112/12/31 23:59,2113/12/31 23:59,true
project-13,"Lorem ipsum dolor sit amet, consectetu",Lo,"Lorem ipsum dolor sit amet, consectetur adipiscing elit. Sed do: eiusmod tempor incididunt ut labore et dolore magna aliqua! Ut*",2112/12/31 23:59,2113/12/31 23:59,true
project-14,"Lorem ipsum dolor sit amet, consectetu","Lorem ipsum dolor sit amet, consectetur adipiscing elit. Sed do: eiusmod tempor incididunt ut labore et dolore magna aliqua! Ut enim ad minim veniam? Quis nostrud exercitation ullamco laboris nisi ut aliquip ex ea commodo consequat. Duis aute irure dolor","Lorem ipsum dolor sit amet, consectetur adipiscing elit. Sed do: eiusmod tempor incididunt ut labore et dolore magna aliqua! Ut*",2112/12/31 23:59,2113/12/31 23:59,true
project-15,"Lorem ipsum dolor sit amet, consectetu","Lorem ipsum dolor sit amet, consectetur adipiscing elit. Sed do: eiusmod tempor incididunt ut labore et dolore magna aliqua! Ut enim ad minim veniam? Quis nostrud exercitation ullamco laboris nisi ut aliquip ex ea commodo consequat. Duis aute irure dolor*","Lorem ipsum dolor sit amet, consectetur adipiscing elit. Sed do: eiusmod tempor incididunt ut labore et dolore magna aliqua! Ut*",2112/12/31 23:59,2113/12/31 23:59,true
project-16,"Lorem ipsum dolor sit amet, consectetu",โลเร็ม อิปซัม,"Lorem ipsum dolor sit amet, consectetur adipiscing elit. Sed do: eiusmod tempor incididunt ut labore et dolore magna aliqua! Ut*",2112/12/31 23:59,2113/12/31 23:59,true
project-17,"Lorem ipsum dolor sit amet, consectetu",لوريم إيبسوم,"Lorem ipsum dolor sit amet, consectetur adipiscing elit. Sed do: eiusmod tempor incididunt ut labore et dolore magna aliqua! Ut*",2112/12/31 23:59,2113/12/31 23:59,true
project-18,"Lorem ipsum dolor sit amet, consectetu",洛伦·伊普森,"Lorem ipsum dolor sit amet, consectetur adipiscing elit. Sed do: eiusmod tempor incididunt ut labore et dolore magna aliqua! Ut*",2112/12/31 23:59,2113/12/31 23:59,true
project-19,"Lorem ipsum dolor sit amet, consectetu",<marquee>Hacked</marquee>,"Lorem ipsum dolor sit amet, consectetur adipiscing elit. Sed do: eiusmod tempor incididunt ut labore et dolore magna aliqua! Ut*",2112/12/31 23:59,2113/12/31 23:59,true
project-20,"Lorem ipsum dolor sit amet, consectetu",<script>alert(‘Hacked!’);</script>,"Lorem ipsum dolor sit amet, consectetur adipiscing elit. Sed do: eiusmod tempor incididunt ut labore et dolore magna aliqua! Ut*",2112/12/31 23:59,2113/12/31 23:59,true
project-21,"Lorem ipsum dolor sit amet, consectetu",' or 'A' = 'A,"Lorem ipsum dolor sit amet, consectetur adipiscing elit. Sed do: eiusmod tempor incididunt ut labore et dolore magna aliqua! Ut*",2112/12/31 23:59,2113/12/31 23:59,true
#keyWords - standard variations
project-22,"Lorem ipsum dolor sit amet, consectetu","Lorem ipsum dolor sit amet, consectetur adipiscing elit. Sed do: eiusmod tempor incididunt ut labore et dolore magna aliqua! Ut*",L,2112/12/31 23:59,2113/12/31 23:59,true
project-23,"Lorem ipsum dolor sit amet, consectetu","Lorem ipsum dolor sit amet, consectetur adipiscing elit. Sed do: eiusmod tempor incididunt ut labore et dolore magna aliqua! Ut*",Lo,2112/12/31 23:59,2113/12/31 23:59,true
project-24,"Lorem ipsum dolor sit amet, consectetu","Lorem ipsum dolor sit amet, consectetur adipiscing elit. Sed do: eiusmod tempor incididunt ut labore et dolore magna aliqua! Ut*","Lorem ipsum dolor sit amet, consectetur adipiscing elit. Sed do: eiusmod tempor incididunt ut labore et dolore magna aliqua! Ut enim ad minim veniam? Quis nostrud exercitation ullamco laboris nisi ut aliquip ex ea commodo consequat. Duis aute irure dolor",2112/12/31 23:59,2113/12/31 23:59,true
project-25,"Lorem ipsum dolor sit amet, consectetu","Lorem ipsum dolor sit amet, consectetur adipiscing elit. Sed do: eiusmod tempor incididunt ut labore et dolore magna aliqua! Ut*","Lorem ipsum dolor sit amet, consectetur adipiscing elit. Sed do: eiusmod tempor incididunt ut labore et dolore magna aliqua! Ut enim ad minim veniam? Quis nostrud exercitation ullamco laboris nisi ut aliquip ex ea commodo consequat. Duis aute irure dolor*",2112/12/31 23:59,2113/12/31 23:59,true
project-26,"Lorem ipsum dolor sit amet, consectetu","Lorem ipsum dolor sit amet, consectetur adipiscing elit. Sed do: eiusmod tempor incididunt ut labore et dolore magna aliqua! Ut*",โลเร็ม อิปซัม,2112/12/31 23:59,2113/12/31 23:59,true
project-27,"Lorem ipsum dolor sit amet, consectetu","Lorem ipsum dolor sit amet, consectetur adipiscing elit. Sed do: eiusmod tempor incididunt ut labore et dolore magna aliqua! Ut*",لوريم إيبسوم,2112/12/31 23:59,2113/12/31 23:59,true
project-28,"Lorem ipsum dolor sit amet, consectetu","Lorem ipsum dolor sit amet, consectetur adipiscing elit. Sed do: eiusmod tempor incididunt ut labore et dolore magna aliqua! Ut*",洛伦·伊普森,2112/12/31 23:59,2113/12/31 23:59,true
project-29,"Lorem ipsum dolor sit amet, consectetu","Lorem ipsum dolor sit amet, consectetur adipiscing elit. Sed do: eiusmod tempor incididunt ut labore et dolore magna aliqua! Ut*",<marquee>Hacked</marquee>,2112/12/31 23:59,2113/12/31 23:59,true
project-30,"Lorem ipsum dolor sit amet, consectetu","Lorem ipsum dolor sit amet, consectetur adipiscing elit. Sed do: eiusmod tempor incididunt ut labore et dolore magna aliqua! Ut*",<script>alert(‘Hacked!’);</script>,2112/12/31 23:59,2113/12/31 23:59,true
project-31,"Lorem ipsum dolor sit amet, consectetu","Lorem ipsum dolor sit amet, consectetur adipiscing elit. Sed do: eiusmod tempor incididunt ut labore et dolore magna aliqua! Ut*",' or 'A' = 'A,2112/12/31 23:59,2113/12/31 23:59,true
#kickOff - standard variations
project-32,"Lorem ipsum dolor sit amet, consectetu","Lorem ipsum dolor sit amet, consectetur adipiscing elit. Sed do: eiusmod tempor incididunt ut labore et dolore magna aliqua! Ut*","Lorem ipsum dolor sit amet, consectetur adipiscing elit. Sed do: eiusmod tempor incididunt ut labore et dolore magna aliqua! Ut*",2025/01/01 00:00,2113/12/31 23:59,true
project-33,"Lorem ipsum dolor sit amet, consectetu","Lorem ipsum dolor sit amet, consectetur adipiscing elit. Sed do: eiusmod tempor incididunt ut labore et dolore magna aliqua! Ut*","Lorem ipsum dolor sit amet, consectetur adipiscing elit. Sed do: eiusmod tempor incididunt ut labore et dolore magna aliqua! Ut*",2025/01/01 00:01,2113/12/31 23:59,true
project-34,"Lorem ipsum dolor sit amet, consectetu","Lorem ipsum dolor sit amet, consectetur adipiscing elit. Sed do: eiusmod tempor incididunt ut labore et dolore magna aliqua! Ut*","Lorem ipsum dolor sit amet, consectetur adipiscing elit. Sed do: eiusmod tempor incididunt ut labore et dolore magna aliqua! Ut*",2200/12/31 23:58,2200/12/31 23:59,true
#closeOut - standard variations
project-35,"Lorem ipsum dolor sit amet, consectetu","Lorem ipsum dolor sit amet, consectetur adipiscing elit. Sed do: eiusmod tempor incididunt ut labore et dolore magna aliqua! Ut*","Lorem ipsum dolor sit amet, consectetur adipiscing elit. Sed do: eiusmod tempor incididunt ut labore et dolore magna aliqua! Ut*",2025/01/01 00:00,2025/01/01 00:01,true
project-36,"Lorem ipsum dolor sit amet, consectetu","Lorem ipsum dolor sit amet, consectetur adipiscing elit. Sed do: eiusmod tempor incididunt ut labore et dolore magna aliqua! Ut*","Lorem ipsum dolor sit amet, consectetur adipiscing elit. Sed do: eiusmod tempor incididunt ut labore et dolore magna aliqua! Ut*",2112/12/31 23:59,2200/12/31 23:58,true
project-37,"Lorem ipsum dolor sit amet, consectetu","Lorem ipsum dolor sit amet, consectetur adipiscing elit. Sed do: eiusmod tempor incididunt ut labore et dolore magna aliqua! Ut*","Lorem ipsum dolor sit amet, consectetur adipiscing elit. Sed do: eiusmod tempor incididunt ut labore et dolore magna aliqua! Ut*",2112/12/31 23:59,2200/12/31 23:59,true
#draftMode - standard variations
project-38,"Lorem ipsum dolor sit amet, consectetu","Lorem ipsum dolor sit amet, consectetur adipiscing elit. Sed do: eiusmod tempor incididunt ut labore et dolore magna aliqua! Ut*","Lorem ipsum dolor sit amet, consectetur adipiscing elit. Sed do: eiusmod tempor incididunt ut labore et dolore magna aliqua! Ut*",2112/12/31 23:59,2113/12/31 23:59,true